file_id,variant_id,file_id,variant_id,rsid,chrom,pos,allele1,allele2,genotype,sample_label,gene,consequence,priority_score
7,rs1000000,7,rs1000000,rs1000000,12,126890980,G,G,GG,ANCESTRY_SAMPLE,,,
7,rs1000002,7,rs1000002,rs1000002,3,183635768,T,T,TT,ANCESTRY_SAMPLE,,,
7,rs10000023,7,rs10000023,rs10000023,4,95733906,T,T,TT,ANCESTRY_SAMPLE,,,
7,rs1000003,7,rs1000003,rs1000003,3,98342907,A,G,AG,ANCESTRY_SAMPLE,,,
7,rs10000030,7,rs10000030,rs10000030,4,103374154,G,G,GG,ANCESTRY_SAMPLE,,,
7,rs10000041,7,rs10000041,rs10000041,4,165621955,T,T,TT,ANCESTRY_SAMPLE,,,
7,rs10000062,7,rs10000062,rs10000062,4,5254744,C,G,CG,ANCESTRY_SAMPLE,,,
7,rs1000007,7,rs1000007,rs1000007,2,237752054,T,T,TT,ANCESTRY_SAMPLE,,,
7,rs10000081,7,rs10000081,rs10000081,4,17348363,T,C,TC,ANCESTRY_SAMPLE,,,
7,rs10000116,7,rs10000116,rs10000116,4,130999283,C,C,CC,ANCESTRY_SAMPLE,,,
